Sr.,Date,Production(in Liters),mv_avg,ewm,seasonal,trend
1,2018-11-10,149.0,,149.0,1.0298981063146695,
2,2018-11-02,230.0,,196.64705882352942,0.983653835112292,
3,2018-11-13,325.0,,255.25570776255708,0.9586914203701555,
4,2018-11-21,350.0,,292.6596920647454,1.0703417005379559,
5,2018-08-29,250.0,,277.27629728462733,1.0867072909336586,
6,2018-08-31,310.0,,288.4023806852375,0.9755464733161998,
7,2018-06-28,325.0,,300.36700471652625,0.9440422740236796,327.875
8,2018-07-06,595.0,,394.1641203622863,0.928662609748724,343.9583333333333
9,2018-07-03,126.7,,310.55078456070436,0.9350856688905432,350.625
10,2018-04-04,305.3,,308.929759239365,1.0984150362088982,346.66666666666663
11,2018-06-02,645.0,,411.78460789652576,0.9932631089370577,374.375
12,2018-09-19,148.0,,331.538516327402,0.9956924756061662,413.0
13,2018-09-27,500.0,,382.57141412577,1.0298981063146695,417.45833333333337
14,2018-09-14,265.0,,347.05913743382024,0.983653835112292,422.45833333333337
15,2018-11-16,450.0,,378.08871101286803,0.9586914203701555,443.0125
16,2018-11-20,130.0,,303.41393153283155,1.0703417005379559,458.5925
17,2018-07-21,1135.0,,553.4714621918179,1.0867072909336586,434.03499999999997
18,2018-07-30,352.0,,492.9314393378393,0.9755464733161998,421.20166666666665
19,2018-11-02,390.0,,462.01676822691917,0.9440422740236796,425.65999999999997
20,2018-10-07,650.0,,518.4567725173653,0.928662609748724,417.74333333333334
21,2018-09-28,565.0,,532.4275440788293,0.9350856688905432,404.40999999999997
22,2018-10-05,240.92,,444.94107521143616,1.0984150362088982,428.9933333333333
23,2018-10-08,120.0,,347.4320656535456,0.9932631089370577,423.57666666666665
24,2018-10-15,365.0,,352.70345585690814,0.9956924756061662,388.07666666666665
25,2018-10-20,390.0,,363.89391981784144,1.0298981063146695,406.74333333333334
26,2018-11-27,185.0,,310.2207053100305,0.983653835112292,432.15999999999997
27,2018-11-29,210.0,,280.1525178653923,0.9586914203701555,425.95166666666665
28,2018-09-13,960.0,,484.116144557997,1.0703417005379559,402.62166666666667
29,2018-09-18,175.0,,391.37831511989003,1.0867072909336586,396.3333333333333
30,2018-09-23,460.0,,411.9652846006337,0.9755464733161998,398.2083333333333
31,2018-11-07,730.0,376.73066666666665,507.3772045856562,0.9440422740236796,397.16666666666663
32,2018-09-05,920.0,396.0973333333333,631.1654103611614,0.928662609748724,401.9583333333333
33,2018-08-04,146.0,419.0973333333333,485.6146620008915,0.9350856688905432,462.79166666666663
34,2018-08-07,100.0,413.1306666666667,369.92963734848473,1.0984150362088982,485.75
35,2018-08-09,110.0,404.7973333333333,291.9504507442044,0.9932631089370577,451.625
36,2018-08-10,420.0,400.1306666666667,330.3654173870951,0.9956924756061662,437.4583333333333
37,2018-08-22,310.0,403.7973333333333,324.2557808301884,1.0298981063146695,409.4583333333333
38,2018-08-26,380.0,403.2973333333333,340.979068310504,0.983653835112292,368.04166666666663
39,2018-08-09,1475.0,396.1306666666667,681.1856572501058,0.9586914203701555,347.0833333333333
40,2018-06-20,246.0,441.07399999999996,550.6298769527447,1.0703417005379559,372.875
41,2018-06-22,70.0,439.0973333333333,406.44084960527414,1.0867072909336586,416.41666666666663
42,2018-10-12,225.0,419.9306666666667,352.0085777422665,0.9755464733161998,428.29166666666663
43,2018-10-23,293.0,422.49733333333336,334.30600055367233,0.9440422740236796,411.8333333333333
44,2018-02-14,363.0,415.5973333333333,342.91420170348056,0.928662609748724,402.66666666666663
45,2018-11-23,200.0,418.864,300.039936604594,0.9350856688905432,347.66666666666663
46,2018-06-04,665.0,410.53066666666666,409.52796382439817,1.0984150362088982,305.3333333333333
47,2018-06-22,590.0,428.364,463.66957751590667,0.9932631089370577,360.0833333333333
48,2018-10-30,225.0,410.19733333333335,392.06870163314136,0.9956924756061662,403.8333333333333
49,2018-10-30,110.0,405.964,307.44808896909586,1.0298981063146695,401.9583333333333
50,2018-09-27,360.0,396.6306666666667,323.2136625619055,0.983653835112292,397.875
51,2018-10-06,175.0,386.964,278.74956323356395,0.9586914203701555,398.99999999999994
52,2018-11-10,530.0,373.964,354.12469492773647,1.0703417005379559,425.04166666666663
53,2018-05-07,1100.0,383.6,577.8872878297477,1.0867072909336586,453.99999999999994
54,2018-06-28,245.0,416.26666666666665,478.02110104958973,0.9755464733161998,453.5
55,2018-06-30,228.0,412.26666666666665,403.0147705079927,0.9440422740236796,455.70833333333326
56,2018-08-05,330.0,406.8666666666667,381.1103393092478,0.928662609748724,454.66666666666663
57,2018-08-08,260.0,411.7,344.77723746266,0.9350856688905432,451.54166666666663
58,2018-08-13,1230.0,413.3666666666667,610.3440664991963,1.0984150362088982,457.375
59,2018-05-11,720.0,422.3666666666667,643.2408465733121,0.9932631089370577,426.54166666666663
60,2018-05-17,83.0,440.53333333333336,475.1685925159341,0.9956924756061662,396.29166666666663
61,2018-05-20,305.0,427.96666666666664,424.11801474299955,1.0298981063146695,394.58333333333337
62,2018-11-06,140.0,413.8,338.8826102988819,0.983653835112292,382.83333333333337
63,2018-03-30,320.0,387.8,333.2178272082303,0.9586914203701555,385.04166666666663
64,2018-04-04,525.0,393.6,390.75247905277905,1.0703417005379559,361.7083333333333
65,2018-09-22,365.0,407.76666666666665,383.0267353362857,1.0867072909336586,310.875
66,2018-04-19,254.0,416.26666666666665,344.3187147330865,0.9755464733161998,305.125
67,2018-04-24,178.0,410.73333333333335,294.42310031107303,0.9440422740236796,329.375
68,2018-04-26,98.0,406.3333333333333,235.49617021602532,0.928662609748724,345.0
69,2018-03-31,545.0,396.93333333333334,328.34731915312125,0.9350856688905432,356.66666666666663
70,2018-04-03,385.0,365.93333333333334,345.3431234074288,1.0984150362088982,373.125
71,2018-04-08,345.0,370.56666666666666,345.24018638519914,0.9932631089370577,376.04166666666663
72,2018-04-13,320.0,379.73333333333335,337.6681304695862,0.9956924756061662,388.16666666666663
73,2018-04-30,650.0,382.9,431.3676913291715,1.0298981063146695,407.66666666666663
74,2018-06-06,170.0,394.8,352.9573839301499,0.983653835112292,412.0
75,2018-05-13,570.0,388.3666666666667,418.070168751262,0.9586914203701555,445.2083333333333
76,2018-07-14,670.0,400.7,493.64911812601093,1.0703417005379559,468.125
77,2018-07-24,290.0,400.8666666666667,432.55438268813543,1.0867072909336586,465.2083333333333
78,2018-08-26,620.0,390.8666666666667,488.7880678817413,0.9755464733161998,470.0
79,2018-08-16,280.0,404.03333333333336,426.15164751718265,0.9440422740236796,472.7083333333333
80,2018-08-14,100.0,409.7,328.3061532619882,0.928662609748724,477.29166666666663
81,2018-10-18,1340.0,401.03333333333336,631.814307283478,0.9350856688905432,483.12499999999994
82,2018-08-02,140.0,439.8666666666667,484.2700150984053,1.0984150362088982,470.41666666666663
83,2018-07-26,520.0,426.8666666666667,494.9890105688852,0.9932631089370577,463.12499999999994
84,2018-07-13,260.0,407.53333333333336,424.49230739821274,0.9956924756061662,459.99999999999994
85,2018-07-17,775.0,408.03333333333336,529.6446151787561,1.0298981063146695,454.16666666666663
86,2018-07-24,155.0,426.26666666666665,417.2512306251239,0.983653835112292,463.41666666666663
87,2018-07-24,725.0,420.43333333333334,509.5758614375898,0.9586914203701555,440.99999999999994
88,2018-07-26,210.0,435.93333333333334,419.70310300631076,1.0703417005379559,418.8333333333333
89,2018-07-29,575.0,401.93333333333334,466.29217210441834,1.0867072909336586,418.33333333333326
90,2018-07-02,260.0,397.1,404.40452047309213,0.9755464733161998,417.7083333333333
91,2018-06-29,500.0,403.0,433.0831643311647,0.9440422740236796,404.375
92,2018-07-02,102.0,409.5,333.7582150318147,0.928662609748724,389.79166666666663
93,2018-07-09,800.0,408.23333333333335,473.63075052227083,0.9350856688905432,405.83333333333326
94,2018-09-19,148.0,424.23333333333335,375.9415253655893,1.0984150362088982,428.8333333333333
95,2018-09-27,500.0,411.6666666666667,413.1590677559126,0.9932631089370577,419.9583333333333
96,2018-09-14,265.0,416.1666666666667,368.71134742913875,0.9956924756061662,401.87499999999994
97,2018-11-16,450.0,416.53333333333336,393.09794320039714,1.0298981063146695,387.2083333333333
98,2018-11-20,130.0,425.6,314.16856024027794,0.983653835112292,386.375
99,2018-07-21,1135.0,426.6666666666667,560.4179921681947,0.9586914203701555,377.75
100,2018-07-30,352.0,446.3333333333333,497.89259451773626,1.0703417005379559,376.16666666666663
101,2019-02-21,220.0,445.23333333333335,414.52481616241533,1.0867072909336586,427.91666666666663
102,2019-02-24,181.0,441.06666666666666,344.46737131369076,0.9755464733161998,464.58333333333326
103,2019-02-26,227.0,436.43333333333334,309.2271599195835,0.9440422740236796,473.125
104,2019-03-02,355.0,422.3333333333333,322.9590119437085,0.928662609748724,479.02916666666664
105,2019-01-28,340.0,428.5,328.071308360596,0.9350856688905432,443.01666666666665
106,2019-02-06,570.0,420.8333333333333,400.6499158524172,1.0984150362088982,420.39166666666665
107,2019-02-16,1320.0,417.5,676.4549410966922,0.9932631089370577,437.80833333333334
108,2018-06-28,325.0,451.8333333333333,571.0184587676845,0.9956924756061662,440.6833333333333
109,2018-07-06,595.0,442.0,578.2129211373791,1.0298981063146695,454.51666666666665
110,2018-07-03,126.7,452.5,442.7590447961653,0.983653835112292,460.26666666666665
111,2018-06-02,274.0,453.39000000000004,392.1313313573157,0.9586914203701555,447.975
112,2018-06-02,670.0,417.8566666666667,475.491931950121,1.0703417005379559,434.01666666666665
113,2019-01-31,320.0,435.52333333333337,428.8443523650847,1.0867072909336586,382.5583333333333
114,2019-02-17,150.0,428.8566666666667,345.19104665555926,0.9755464733161998,336.09999999999997
115,2019-02-20,590.0,425.19,418.6337326588916,0.9440422740236796,335.0583333333333
116,2019-03-01,130.0,419.02333333333337,332.0436128612241,0.928662609748724,365.73749999999995
117,2019-03-09,270.0,418.19,313.4305290028569,0.9350856688905432,391.66666666666663
118,2018-09-30,305.0,403.02333333333337,310.9013703019998,1.0984150362088982,385.25
119,2018-10-02,350.0,406.19,322.6309592113999,0.9932631089370577,390.25
120,2018-06-25,180.0,398.69,279.84167144797993,0.9956924756061662,405.87499999999994
121,2018-12-08,715.0,396.02333333333337,410.389170013586,1.0298981063146695,395.4583333333333
122,2018-08-05,743.0,403.19,510.17241900951024,0.983653835112292,395.875
123,2019-01-26,280.0,424.5566666666667,441.12069330665713,0.9586914203701555,426.29166666666663
124,2019-03-14,510.0,407.22333333333336,461.78448531466,1.0703417005379559,478.79166666666663
125,2019-03-21,600.0,419.29,503.249139720262,1.0867072909336586,512.3333333333333
126,2018-11-03,245.0,422.62333333333333,425.77439780418337,0.9755464733161998,515.6666666666666
127,2018-11-04,245.0,421.9566666666667,371.5420784629283,0.9440422740236796,500.04166666666663
128,2018-04-26,485.0,415.12333333333333,405.5794549240498,0.928662609748724,456.16666666666663
129,2019-01-22,645.0,426.9566666666667,477.4056184468349,0.9350856688905432,430.8333333333333
130,2018-12-07,1190.0,410.62333333333333,691.1839329127845,1.0984150362088982,447.91666666666663
131,2019-01-01,270.0,438.5566666666667,564.8287530389491,0.9932631089370577,450.8333333333333
132,2019-01-07,340.0,440.22333333333336,497.38012712726436,0.9956924756061662,440.2083333333333
133,2019-01-09,180.0,445.52333333333337,402.16608898908504,1.0298981063146695,454.79166666666663
134,2018-05-23,225.0,443.9566666666667,349.0162622923595,0.983653835112292,457.7083333333333
135,2018-05-28,190.0,439.62333333333333,301.31138360465167,0.9586914203701555,451.04166666666663
136,2018-06-02,1010.0,434.62333333333333,513.9179685232563,1.0703417005379559,410.8333333333333
137,2018-06-13,170.0,449.29,410.7425779662794,1.0867072909336586,376.25
138,2019-02-02,420.0,410.9566666666667,413.51980457639553,0.9755464733161998,394.99999999999994
139,2018-09-22,420.0,414.12333333333333,415.4638632034769,0.9440422740236796,411.66666666666663
140,2018-09-29,380.0,408.29,404.8247042424338,0.928662609748724,426.375
141,2019-01-29,590.0,416.73333333333335,460.37729296970366,0.9350856688905432,445.79166666666663
142,2019-01-09,280.0,427.26666666666665,406.26410507879257,1.0984150362088982,412.4416666666666
143,2018-09-20,350.0,414.26666666666665,389.38487355515474,0.9932631089370577,387.0916666666666
144,2018-05-09,710.0,415.26666666666665,485.56941148860835,0.9956924756061662,390.21666666666664
145,2018-05-05,210.0,433.93333333333334,402.89858804202584,1.0298981063146695,376.2583333333333
146,2018-04-01,548.0,421.26666666666665,446.42901162941814,0.983653835112292,370.2166666666667
147,2018-12-26,333.0,435.2,412.4003081405927,0.9586914203701555,359.17499999999995
148,2018-12-31,66.6,437.3,308.66021569841485,1.0703417005379559,349.61333333333334
149,2019-01-09,505.0,429.3533333333333,367.5621509888904,1.0867072909336586,357.76
150,2019-01-12,160.0,434.5199999999999,305.2935056922233,0.9755464733161998,384.635
151,2018-11-30,345.0,433.8533333333333,317.20545398455624,0.9440422740236796,406.51
152,2018-12-06,310.0,421.5199999999999,315.0438177891894,0.928662609748724,402.4266666666666
153,2018-12-09,395.0,407.08666666666664,339.0306724524326,0.9350856688905432,402.385
154,2018-12-20,245.52,410.91999999999996,310.97747071670284,1.0984150362088982,424.90166666666664
155,2018-12-22,580.0,402.104,391.68422950169196,0.9932631089370577,430.6683333333333
156,2019-01-20,1125.0,401.4373333333333,611.6789606511844,0.9956924756061662,432.96
157,2019-02-02,320.0,430.7706666666666,524.175272455829,1.0298981063146695,437.5433333333333
158,2019-02-07,340.0,433.2706666666666,468.9226907190803,0.983653835112292,437.33500000000004
159,2019-02-15,540.0,428.4373333333333,490.2458835033562,0.9586914203701555,446.50166666666667
160,2019-02-17,400.0,424.9373333333333,463.1721184523493,1.0703417005379559,453.98
161,2018-12-14,310.0,398.604,417.22048291664447,1.0867072909336586,450.2083333333333
162,2018-12-24,410.0,399.9373333333333,415.0543380416511,0.9755464733161998,421.66666666666663
163,2019-01-02,205.0,402.2706666666666,352.0380366291557,0.9440422740236796,396.4583333333333
164,2019-02-02,445.0,403.104,379.92662564040904,0.928662609748724,388.3333333333333
165,2019-02-05,480.0,410.4373333333333,409.9486379482863,0.9350856688905432,390.20833333333326
166,2018-10-13,340.0,420.104,388.9640465638005,1.0984150362088982,430.0
167,2018-10-25,395.0,397.7706666666666,390.7748325946603,0.9932631089370577,479.79166666666663
168,2018-10-28,625.0,405.2706666666666,461.04238281626226,0.9956924756061662,516.6666666666666
169,2018-07-17,215.0,412.104,387.22966797138355,1.0298981063146695,540.2083333333333
170,2019-02-20,250.0,405.2706666666666,346.0607675799685,0.983653835112292,568.5416666666666
171,2019-02-26,675.0,400.9373333333333,444.74253730597803,0.9586914203701555,610.4166666666666
172,2019-03-05,1220.0,403.7706666666666,677.3197761141847,1.0703417005379559,630.4166666666666
173,2019-03-15,685.0,435.104,679.6238432799292,1.0867072909336586,635.625
174,2019-03-14,920.0,446.2706666666666,751.7366902959506,0.9755464733161998,623.5416666666666
175,2019-02-23,260.0,453.2706666666666,604.2156832071653,0.9440422740236796,624.3749999999999
176,2019-03-21,1070.0,454.9373333333333,743.9509782450157,0.928662609748724,674.5833333333333
177,2019-03-26,860.0,472.3373333333333,778.7656847715109,0.9350856688905432,724.1666666666665
178,2019-04-05,440.0,489.90399999999994,677.1359793400576,1.0984150362088982,714.9999999999999
179,2018-04-01,420.0,502.35066666666665,599.9951855380403,0.9932631089370577,711.4583333333333
180,2018-04-09,310.0,499.51733333333334,512.9966298766282,0.9956924756061662,747.0833333333333
181,2018-04-23,550.0,504.51733333333334,524.0976409136397,1.0298981063146695,794.1666666666666
182,2018-05-08,1120.0,511.35066666666665,702.8683486395479,0.983653835112292,806.25
183,2018-05-15,995.0,538.3506666666667,790.5078440476836,0.9586914203701555,787.9166666666666
184,2018-05-22,680.0,558.3506666666667,757.3554908333786,1.0703417005379559,786.875
185,2018-05-27,1140.0,572.8333333333334,872.1488435833651,1.0867072909336586,787.7083333333333
186,2018-06-21,1320.0,591.5,1006.5041905083556,0.9755464733161998,787.875
187,2018-06-23,990.0,598.0,1001.5529333558488,0.9440422740236796,775.25
188,2018-07-02,630.0,620.3333333333334,890.0870533490942,0.928662609748724,749.3333333333334
189,2018-07-08,860.0,630.0,881.0609373443659,0.9350856688905432,711.0
190,2018-08-09,415.0,640.6666666666666,741.2426561410562,1.0984150362088982,702.875
191,2018-08-15,465.0,641.1666666666666,658.3698592987392,0.9932631089370577,680.2916666666667
192,2018-09-20,269.0,646.3333333333334,541.5589015091174,0.9956924756061662,601.4583333333333
193,2018-09-22,288.0,641.6333333333333,465.49123105638216,1.0298981063146695,546.0416666666666
194,2018-10-01,760.0,644.4,553.8438617394676,0.983653835112292,531.25
195,2018-10-13,435.0,654.9,518.1907032176273,0.9586914203701555,510.83333333333326
196,2018-10-17,1045.0,653.4,676.2334922523393,1.0703417005379559,516.875
197,2018-10-27,233.0,676.9,543.2634445766374,1.0867072909336586,537.0
198,2018-10-31,335.0,671.5,480.7844112036462,0.9755464733161998,525.2083333333333
199,2018-11-23,645.0,661.8333333333334,530.0490878425524,0.9440422740236796,518.0
200,2018-11-28,620.0,676.1666666666666,557.0343614897866,0.928662609748724,528.75
201,2018-12-02,380.0,688.5,503.92405304285063,0.9350856688905432,542.2916666666666
202,2018-08-17,1040.0,678.6666666666666,664.7468371299955,1.0984150362088982,512.9166666666666
203,2018-08-26,323.0,672.6666666666666,562.2227859909968,0.9932631089370577,489.66666666666663
204,2018-09-30,128.0,660.6,431.95595019369773,0.9956924756061662,509.3333333333333
205,2018-09-29,256.0,634.2,379.16916513558834,1.0298981063146695,512.875
206,2018-04-12,1050.0,634.0666666666667,580.418415594912,0.983653835112292,522.0416666666666
207,2018-04-21,470.0,633.4,547.2928909164384,0.9586914203701555,528.5
208,2018-04-10,305.0,620.4,474.6050236415068,1.0703417005379559,496.8333333333333
209,2018-08-26,415.0,615.9,456.72351654905475,1.0867072909336586,489.0
210,2018-07-14,625.0,615.7333333333333,507.20646158433834,0.9755464733161998,515.0
211,2018-09-20,440.0,626.2333333333333,487.04452310903685,0.9440422740236796,552.375
212,2018-08-14,1045.0,622.5666666666667,654.4311661763259,0.928662609748724,560.5
213,2018-10-22,110.0,620.0666666666667,491.10181632342807,0.9350856688905432,535.5
214,2018-10-18,550.0,590.5666666666667,508.77127142639966,1.0984150362088982,540.7083333333333
215,2018-05-17,625.0,586.2333333333333,543.6398899984798,0.9932631089370577,589.6666666666666
216,2018-04-01,450.0,569.0666666666667,515.5479229989359,0.9956924756061662,606.9166666666666
217,2018-08-17,831.0,540.0666666666667,610.1835460992551,1.0298981063146695,613.75
218,2019-04-02,670.0,534.7666666666667,628.1284822694785,0.983653835112292,602.2916666666666
219,2019-04-05,250.0,536.1,514.6899375886348,0.9586914203701555,574.5833333333333
220,2019-04-19,650.0,515.7666666666667,555.2829563120445,1.0703417005379559,580.4166666666666
221,2019-03-02,1245.0,523.6,762.1980694184311,1.0867072909336586,565.5
222,2019-03-16,209.0,549.6,596.2386485929018,0.9755464733161998,574.3333333333333
223,2019-03-20,1020.0,547.6,723.3670540150312,0.9440422740236796,574.2916666666667
224,2019-03-24,190.0,572.0,563.3569378105218,0.928662609748724,529.3333333333334
225,2019-05-10,300.0,553.0,484.3498564673652,0.9350856688905432,520.875
226,2019-03-30,500.0,548.5,489.0448995271557,1.0984150362088982,517.3333333333334
227,2019-04-20,317.0,530.3333333333334,437.43142966900893,0.9932631089370577,503.79166666666663
228,2019-04-24,970.0,533.1333333333333,597.2020007683063,0.9956924756061662,512.1666666666666
229,2019-04-29,310.0,554.3,511.0414005378144,1.0298981063146695,516.5833333333333
230,2019-05-01,112.0,543.1333333333333,391.32898037647004,0.983653835112292,522.2083333333333
231,2018-08-13,605.0,526.2,455.43028626352907,0.9586914203701555,538.25
232,2019-04-17,210.0,533.7,381.80120038447035,1.0703417005379559,562.2083333333333
233,2019-05-08,1360.0,506.03333333333336,675.2608402691293,1.0867072909336586,593.5833333333333
234,2019-05-17,295.0,540.6,561.1825881883905,0.9755464733161998,591.0
235,2018-08-17,1040.0,546.1666666666666,704.8278117318733,0.9440422740236796,583.5
236,2019-05-21,305.0,572.3,584.8794682123113,0.928662609748724,608.4166666666666
237,2019-04-30,570.0,547.4666666666667,580.4156277486179,0.9350856688905432,616.6666666666666
238,2019-04-22,805.0,550.8,647.7909394240327,1.0984150362088982,628.75
239,2019-06-16,765.0,567.4666666666667,682.953657596823,0.9932631089370577,604.7916666666666
240,2019-04-09,460.0,579.1333333333333,616.067560317776,0.9956924756061662,559.875
241,2019-03-29,640.0,573.6333333333333,623.2472922224432,1.0298981063146695,516.2083333333333
242,2018-09-25,380.0,580.3,550.2731045557102,0.983653835112292,474.125
243,2019-02-06,535.0,558.1333333333333,545.6911731889971,0.9586914203701555,464.95833333333326
244,2019-01-11,570.0,572.3,552.9838212322979,1.0703417005379559,439.54166666666663
245,2019-01-18,425.0,572.9666666666667,514.5886748626085,1.0867072909336586,402.875
246,2019-05-22,152.0,566.3,405.81207240382594,0.9755464733161998,402.25
247,2019-06-04,135.0,556.3666666666667,324.56845068267813,0.9440422740236796,399.75
248,2019-06-06,200.0,533.1666666666666,287.1979154778747,0.928662609748724,380.16666666666663
249,2019-04-11,455.0,517.5,337.5385408345123,0.9350856688905432,367.91666666666663
250,2019-07-03,310.0,524.3333333333334,329.27697858415854,1.0984150362088982,349.625
251,2019-07-06,380.0,513.0,344.4938850089109,0.9932631089370577,340.25
252,2019-06-27,830.0,484.1666666666667,490.14571950623764,0.9956924756061662,348.29166666666663
253,2019-04-04,210.0,504.8666666666667,406.1020036543663,1.0298981063146695,368.41666666666663
254,2019-06-27,340.0,477.8666666666667,386.2714025580564,0.983653835112292,390.7083333333333
255,2019-04-11,281.0,482.8666666666667,354.6899817906395,0.9586914203701555,411.9583333333333
256,2019-04-20,385.0,482.23333333333335,363.78298725344763,1.0703417005379559,425.29166666666663
257,2018-11-08,385.0,478.4,370.14809107741337,1.0867072909336586,430.91666666666663
258,2019-02-20,385.0,480.6666666666667,374.60366375418937,0.9755464733161998,417.58333333333326
259,2019-05-02,385.0,461.1666666666667,377.72256462793257,0.9440422740236796,398.0
260,2019-07-19,485.0,463.6666666666667,409.9057952395528,0.928662609748724,406.3333333333333
261,2019-06-27,680.0,476.1,490.934056667687,0.9350856688905432,414.22916666666663
262,2019-07-01,405.0,478.6,465.1538396673809,1.0984150362088982,429.8333333333333
263,2019-03-09,420.0,485.1,451.6076877671666,0.9932631089370577,440.25
264,2019-03-09,470.0,453.76666666666665,457.1253814370166,0.9956924756061662,426.9583333333333
265,2019-07-13,100.0,459.6,349.9877670059116,1.0298981063146695,415.54166666666663
266,2019-06-24,650.0,428.26666666666665,439.99143690413814,0.983653835112292,395.54166666666663
267,2019-07-22,160.5,439.76666666666665,356.14400583289665,0.9586914203701555,364.08333333333326
268,2019-07-29,880.0,426.1166666666667,513.3008040830277,1.0703417005379559,335.95833333333326
269,2019-08-02,140.0,428.6166666666667,401.3105628581194,1.0867072909336586,318.625
270,2018-10-01,311.0,407.78333333333336,374.21739400068356,0.9755464733161998,330.4583333333333
271,2019-08-03,185.0,402.81666666666666,317.45217580047847,0.9440422740236796,359.625
272,2019-08-02,205.0,387.65,283.7165230603349,0.928662609748724,364.625
273,2019-07-31,205.0,381.81666666666666,260.10156614223445,0.9350856688905432,370.6458333333333
274,2019-08-05,205.0,370.81666666666666,243.5710962995641,1.0984150362088982,367.2916666666667
275,2018-09-18,204.0,358.65,231.69976740969486,0.9932631089370577,356.24999999999994
276,2019-08-13,970.0,351.28333333333336,453.18983718678646,0.9956924756061662,353.45833333333326
277,2019-08-23,300.0,378.55,407.23288603075054,1.0298981063146695,352.95833333333326
278,2019-07-10,570.0,384.05,456.0630202215254,0.983653835112292,367.75
279,2019-07-13,385.0,396.3833333333333,434.7441141550678,0.9586914203701555,377.54166666666663
280,2019-08-31,575.0,394.05,476.8208799085475,1.0703417005379559,391.7083333333333
281,2019-09-05,180.0,402.8833333333333,387.7746159359832,1.0867072909336586,436.3333333333333
282,2018-09-21,204.0,396.21666666666664,332.6422311551882,0.9755464733161998,457.41666666666663
283,2019-05-23,280.0,375.35,316.84956180863173,0.9440422740236796,442.41666666666663
284,2019-06-30,465.0,377.68333333333334,361.2946932660422,0.928662609748724,419.70833333333326
285,2019-07-30,180.0,381.85,306.9062852862295,0.9350856688905432,393.29166666666663
286,2019-07-11,570.0,378.48333333333335,385.8343997003607,1.0984150362088982,365.7083333333333
287,2019-07-04,910.0,384.65,543.0840797902525,0.9932631089370577,358.5
288,2019-08-07,770.0,402.15,611.1588558531768,0.9956924756061662,375.2083333333333
289,2019-08-11,140.0,414.98333333333335,469.81119909722366,1.0298981063146695,391.7083333333333
290,2019-08-14,185.0,406.81666666666666,384.36783936805654,0.983653835112292,399.2083333333333
291,2019-09-04,136.0,396.81666666666666,309.85748755763956,0.9586914203701555,404.0
292,2019-09-02,162.0,378.68333333333334,265.5002412903477,1.0703417005379559,413.16666666666663
293,2019-08-30,420.0,370.5833333333333,311.85016890324334,1.0867072909336586,403.16666666666663
294,2019-10-05,365.0,370.5833333333333,327.7951182322704,0.9755464733161998,383.79166666666663
295,2019-09-22,515.0,367.0833333333333,383.9565827625893,0.9440422740236796,399.4583333333333
296,2019-09-08,410.0,380.9166666666667,391.7696079338125,0.928662609748724,421.375
297,2019-09-26,350.0,372.9166666666667,379.23872555366876,0.9350856688905432,426.0
298,2019-07-22,620.0,379.23333333333335,451.46710788756815,1.0984150362088982,446.375
299,2019-07-24,620.0,370.56666666666666,502.02697552129774,0.9932631089370577,450.0625
300,2019-10-16,595.0,386.56666666666666,529.9188828649084,0.9956924756061662,443.41666666666663
301,2019-09-25,691.0,396.03333333333336,578.2432180054359,1.0298981063146695,445.41666666666663
302,2019-09-07,160.0,412.9,452.7702526038051,0.983653835112292,440.33333333333326
303,2019-10-17,272.0,411.4,398.53917682266353,0.9586914203701555,431.79166666666663
304,2019-10-21,515.0,413.6333333333333,433.4774237758645,1.0703417005379559,412.7083333333333
305,2019-10-24,155.5,423.96666666666664,350.08419664310514,1.0867072909336586,392.375
306,2019-09-16,470.0,422.35,386.0589376501736,0.9755464733161998,371.9583333333333
307,2019-09-25,458.0,405.68333333333334,407.6412563551215,0.9440422740236796,366.5
308,2019-10-01,345.0,410.95,388.848879448585,0.928662609748724,371.66666666666663
309,2019-10-08,210.0,403.45,335.1942156140095,0.9350856688905432,362.375
310,2019-08-30,302.0,397.6166666666667,325.2359509298067,1.0984150362088982,354.3333333333333
311,2019-09-13,450.0,388.51666666666665,362.6651656508647,0.9932631089370577,370.1458333333333
312,2019-10-25,275.0,397.51666666666665,336.36561595560534,0.9956924756061662,374.3175
313,2019-10-27,880.0,399.8833333333333,499.45593116892377,1.0298981063146695,353.8016666666666
314,2019-11-03,95.0,419.8833333333333,378.11915181824656,0.983653835112292,341.1766666666666
315,2019-11-05,114.0,407.55,298.88340627277256,0.9586914203701555,365.5516666666666
316,2019-11-13,480.0,405.35,353.2183843909408,1.0703417005379559,413.8016666666667
317,2018-11-08,570.0,402.35,418.2528690736586,1.0867072909336586,451.8433333333333
318,2019-12-23,155.62,391.01666666666665,339.463008351561,0.9755464733161998,468.50999999999993
319,2019-12-26,280.0,370.5373333333334,321.62410584609273,0.9440422740236796,441.21833333333325
320,2019-11-19,220.0,375.204,291.1368740922649,0.928662609748724,425.5933333333333
321,2019-11-26,920.0,376.3706666666667,479.79581186458546,0.9350856688905432,459.5933333333333
322,2019-12-17,750.0,402.504,560.8570683052099,1.0984150362088982,479.6766666666666
323,2019-11-10,915.0,422.10400000000004,667.0999478136468,0.9932631089370577,481.8016666666666
324,2019-12-19,210.0,438.60400000000004,529.9699634695527,0.9956924756061662,486.77583333333325
325,2019-11-19,290.0,433.43733333333336,457.97897442868685,1.0298981063146695,512.375
326,2020-01-20,310.0,425.93733333333336,413.5852821000808,0.983653835112292,572.7916666666666
327,2020-01-14,715.0,422.60400000000004,504.0096974700566,0.9586914203701555,602.5833333333333
328,2020-01-18,361.0,434.77066666666667,461.1067882290396,1.0703417005379559,590.0833333333333
329,2020-01-09,740.0,426.13733333333334,544.7747517603277,1.0867072909336586,554.6666666666667
330,2020-01-13,105.0,430.13733333333334,412.84232623222937,0.9755464733161998,523.7083333333333
331,2020-01-17,945.0,413.80400000000003,572.4896283625607,0.9440422740236796,520.25
332,2020-02-04,1005.0,422.27066666666667,702.2427398537925,0.928662609748724,535.6666666666666
333,2020-01-19,850.0,450.43733333333336,746.5699178976547,0.9350856688905432,529.8333333333333
334,2020-01-28,520.0,469.704,678.5989425283582,1.0984150362088982,546.4583333333333
335,2020-02-01,295.0,469.8706666666667,563.5192597698507,0.9932631089370577,581.2083333333333
336,2020-01-17,87.0,474.52066666666667,420.5634818388954,0.9956924756061662,603.0833333333333
337,2020-02-04,330.0,461.754,393.3944372872268,1.0298981063146695,616.625
338,2020-02-06,640.0,457.48733333333337,467.37610610105884,0.983653835112292,583.7083333333333
339,2020-02-11,245.0,467.3206666666667,400.66327427074117,0.9586914203701555,539.4583333333333
340,2019-12-28,1230.0,468.48733333333337,649.4642919895189,1.0703417005379559,541.6666666666666
341,2019-07-25,705.0,499.4206666666667,666.1250043926633,1.0867072909336586,568.5416666666666
342,2019-08-05,665.0,507.9206666666667,665.7875030748644,0.9755464733161998,586.375
343,2019-08-28,710.0,520.9206666666666,679.051252152405,0.9440422740236796,601.2916666666667
344,2019-09-04,450.0,515.254,610.3358765066836,0.928662609748724,600.6666666666667
345,2019-09-09,343.0,527.0873333333334,530.1351135546785,0.9350856688905432,601.9166666666667
346,2019-09-21,1080.0,534.7206666666667,695.094579488275,1.0984150362088982,574.625
347,2019-09-29,380.0,554.7206666666666,600.5662056417924,0.9932631089370577,548.2083333333333
348,2019-10-03,430.0,548.3873333333333,549.3963439492547,0.9956924756061662,538.4583333333333
349,2019-10-08,345.0,557.5333333333333,488.0774407644783,1.0298981063146695,498.7083333333333
350,2019-04-02,610.0,559.7,524.6542085351348,0.983653835112292,485.625
351,2019-05-11,305.0,572.7,458.7579459745943,0.9586914203701555,506.12499999999994
352,2020-02-24,515.0,552.2,475.630562182216,1.0703417005379559,496.41666666666663
353,2020-02-17,786.0,544.3666666666667,568.7413935275513,1.0867072909336586,478.49999999999994
354,2020-03-10,350.0,540.0666666666667,503.11897546928583,0.9755464733161998,510.16666666666663
355,2019-11-15,71.0,544.7333333333333,373.4832828285,0.9440422740236796,539.5416666666666
356,2019-12-02,775.0,537.4333333333333,493.93829797995005,0.928662609748724,521.7083333333333
357,2019-12-06,510.0,552.9333333333333,498.7568085859651,0.9350856688905432,501.04166666666663
358,2019-12-11,680.0,546.1,553.1297660101756,1.0984150362088982,493.2083333333333
359,2020-01-01,350.0,556.7333333333333,492.19083620712286,0.9932631089370577,469.8333333333333
360,2020-02-11,1220.0,543.7333333333333,710.533585344986,0.9956924756061662,451.875
361,2020-05-15,260.0,580.9,575.3735097414901,1.0298981063146695,484.125
362,2020-05-14,267.0,558.0666666666667,482.8614568190431,0.983653835112292,504.0833333333333
363,2020-05-24,152.0,533.4666666666667,383.6030197733301,0.9586914203701555,496.99999999999994
364,2020-06-03,480.0,510.2,412.52211384133113,1.0703417005379559,511.99999999999994
365,2020-05-29,260.0,508.8666666666667,366.76547968893175,1.0867072909336586,544.5
366,2020-06-08,445.0,507.7,390.23583578225225,0.9755464733161998,556.1666666666665
367,2020-05-26,750.0,519.6333333333333,498.16508504757667,0.9440422740236796,582.0
368,2019-04-07,575.0,533.6333333333333,521.2155595333037,0.928662609748724,620.875
369,2019-09-14,540.0,531.4666666666667,526.8508916733126,0.9350856688905432,673.0
370,2020-03-10,1010.0,541.3,671.7956241713188,1.0984150362088982,711.0416666666666
371,2020-06-19,800.0,533.9666666666667,710.2569369199231,0.9932631089370577,714.375
372,2020-06-18,1050.0,537.1333333333333,812.1798558439461,0.9956924756061662,719.625
373,2020-06-25,1050.0,549.9666666666667,883.5258990907623,1.0298981063146695,692.375
374,2020-06-25,410.0,561.3,741.4681293635335,0.983653835112292,655.125
375,2020-06-15,1260.0,559.9666666666667,897.0276905544736,0.9586914203701555,631.2083333333333
376,2020-07-14,285.0,590.5333333333333,713.4193833881315,1.0703417005379559,620.4166666666666
377,2020-05-15,535.0,564.0333333333333,659.893568371692,1.0867072909336586,590.3333333333333
378,2020-07-09,296.0,569.2,550.7254978601844,0.9755464733161998,537.0416666666666
379,2020-07-18,245.0,564.7333333333333,459.00784850212904,0.9440422740236796,510.3333333333333
380,2020-07-20,186.0,561.4,377.1054939514903,0.928662609748724,508.66666666666663
381,2020-07-28,355.0,547.2666666666667,370.4738457660432,0.9350856688905432,484.49999999999994
382,2020-07-30,936.0,548.9333333333333,540.1316920362303,1.0984150362088982,465.2083333333333
383,2020-08-10,152.0,562.9666666666667,423.6921844253612,0.9932631089370577,454.875
384,2020-07-29,419.0,541.8333333333334,422.2845290977528,0.9956924756061662,440.25
385,2020-08-06,1040.0,544.1333333333333,607.5991703684269,1.0298981063146695,432.70833333333326
386,2020-07-27,380.0,576.4333333333333,539.3194192578989,0.983653835112292,446.625
387,2020-07-27,710.0,563.2666666666667,590.5235934805291,0.9586914203701555,462.41666666666663
388,2020-08-10,372.0,569.9333333333333,524.9665154363704,1.0703417005379559,433.0
389,2020-08-16,200.0,559.6666666666666,427.47656080545926,1.0867072909336586,418.91666666666663
390,2020-08-18,280.0,554.6666666666666,383.2335925638215,0.9755464733161998,431.99999999999994
391,2020-08-18,80.0,523.3333333333334,292.263514794675,0.9440422740236796,430.58333333333337
392,2020-06-09,685.0,517.3333333333334,410.0844603562726,0.928662609748724,446.8333333333333
393,2020-06-27,235.0,531.2666666666667,357.5591222493908,0.9350856688905432,445.16666666666663
394,2020-06-28,350.0,534.0333333333333,355.29138557457355,1.0984150362088982,425.0833333333333
395,2020-07-09,400.0,529.7,368.7039699022015,0.9932631089370577,442.0833333333333
396,2020-06-09,485.0,534.3666666666667,403.59277893154103,0.9956924756061662,475.0
397,2020-04-25,940.0,535.7,564.5149452520787,1.0298981063146695,500.83333333333326
398,2020-08-17,870.0,542.0333333333333,656.1604616764553,0.983653835112292,509.79166666666663
399,2020-08-31,180.0,551.8666666666667,513.3123231735186,0.9586914203701555,507.29166666666663
400,2020-07-13,420.0,539.8666666666667,485.31862622146303,1.0703417005379559,500.41666666666663
401,2020-08-13,560.0,520.2,507.72303835502413,1.0867072909336586,514.5833333333333
402,2020-09-04,710.0,512.2,568.4061268485169,0.9755464733161998,527.2916666666667
403,2020-08-29,270.0,500.8666666666667,478.88428879396184,0.9440422740236796,512.2916666666666
404,2020-08-29,710.0,474.8666666666667,548.2190021557733,0.928662609748724,494.16666666666663
405,2020-08-25,150.0,484.8666666666667,428.75330150904125,0.9350856688905432,496.66666666666663
406,2020-08-26,270.0,447.8666666666667,381.12731105632884,1.0984150362088982,518.2916666666666
407,2020-09-05,820.0,447.3666666666667,512.7891177394301,0.9932631089370577,554.0833333333333
408,2020-09-06,370.0,456.8666666666667,469.9523824176011,0.9956924756061662,565.75
409,2020-07-13,695.0,459.3333333333333,537.4666676923208,1.0298981063146695,588.6666666666666
410,2020-07-22,680.0,474.3333333333333,580.2266673846245,0.983653835112292,604.0833333333333
411,2020-07-26,430.0,490.8,535.1586671692371,0.9586914203701555,603.4166666666666
412,2020-08-10,689.0,493.3,581.311067018466,1.0703417005379559,654.8333333333333
413,2020-05-20,1150.0,485.06666666666666,751.9177469129262,1.0867072909336586,660.25
414,2020-08-01,400.0,518.3333333333334,646.3424228390483,0.9755464733161998,622.75
415,2020-08-20,1130.0,517.7,791.4396959873337,0.9440422740236796,594.2083333333333
416,2020-08-30,220.0,520.7,620.0077871911335,0.928662609748724,573.5833333333333
417,2020-08-02,624.0,515.3666666666667,621.2054510337935,0.9350856688905432,577.3333333333333
418,2020-06-24,1030.0,512.5,743.8438157236553,1.0984150362088982,580.7083333333333
419,2020-07-13,190.0,534.4333333333333,577.6906710065587,0.9932631089370577,540.125
420,2020-07-18,100.0,534.1,434.383469704591,0.9956924756061662,497.62499999999994
421,2020-07-21,280.0,528.1,388.0684287932137,1.0298981063146695,481.375
422,2020-08-15,600.0,534.7666666666667,451.6479001552496,0.983653835112292,469.70833333333326
423,2020-08-19,600.0,531.9333333333333,496.1535301086748,0.9586914203701555,452.4583333333333
424,2020-08-22,600.0,544.1,527.3074710760724,1.0703417005379559,411.4583333333333
425,2020-09-06,265.0,552.4333333333333,448.6152297532507,1.0867072909336586,420.8333333333333
426,2020-08-13,265.0,547.9333333333333,393.5306608272755,0.9755464733161998,469.58333333333326
427,2020-09-02,875.0,540.6,537.9714625790929,0.9440422740236796,481.125
428,2020-09-07,195.0,538.4333333333333,435.080023805365,0.928662609748724,470.58333333333326
429,2020-09-13,235.0,515.9333333333333,375.0560166637555,0.9350856688905432,453.91666666666663
430,2020-08-15,435.0,517.7666666666667,393.03921166462885,1.0984150362088982,428.5
431,2020-09-20,1010.0,518.2666666666667,578.1274481652403,0.9932631089370577,440.375
432,2020-06-05,450.0,533.2666666666667,539.6892137156682,0.9956924756061662,463.58333333333326
433,2020-09-08,207.0,524.6,439.8824496009677,1.0298981063146695,428.3333333333333
434,2020-09-22,420.0,522.5,433.9177147206774,0.983653835112292,396.0833333333333
435,2020-09-27,380.0,512.8333333333334,417.7424003044742,0.9586914203701555,390.5487499999999
436,2020-08-16,210.0,520.5,355.4196802131319,1.0703417005379559,403.8058333333333
437,2020-09-28,940.0,518.5,530.7937761491924,1.0867072909336586,410.68083333333334
438,2020-06-12,147.0,522.5,415.6556433044346,0.9755464733161998,405.0558333333333
439,2020-06-15,147.0,515.0666666666667,335.0589503131042,0.9440422740236796,434.76416666666665
440,2020-06-08,149.0,496.8,279.24126521917293,0.928662609748724,471.76416666666665
441,2020-06-09,148.17,479.1,239.91988565342103,0.9350856688905432,498.0141666666667
442,2020-09-14,840.0,469.7056666666667,419.94391995739477,1.0984150362088982,542.5975
443,2020-09-19,770.0,474.739,524.9607439701764,0.9932631089370577,549.2641666666666
444,2020-10-04,555.0,462.07233333333335,533.9725207791234,0.9956924756061662,535.6391666666666
445,2020-10-02,815.0,467.239,618.2807645453865,1.0298981063146695,554.8475
446,2020-06-06,700.0,456.739,642.7965351817705,0.983653835112292,578.2495833333332
447,2020-09-15,730.0,472.739,668.9575746272394,0.9586914203701555,593.4779166666666
448,2020-09-26,930.0,476.27233333333334,747.2703022390676,1.0703417005379559,576.4708333333333
449,2020-09-24,380.0,472.939,637.0892115673473,1.0867072909336586,556.4708333333333
450,2020-09-28,380.0,479.27233333333334,559.9624480971431,0.9755464733161998,545.4291666666667
451,2020-10-04,375.0,488.60566666666665,504.4737136680002,0.9440422740236796,520.4291666666666
452,2020-10-04,482.65,491.77233333333334,497.9265995676002,0.928662609748724,519.3875
453,2020-09-24,180.0,487.86066666666665,402.54861969732013,0.9350856688905432,529.8041666666666
454,2020-09-24,400.0,473.86066666666665,401.7840337881241,1.0984150362088982,501.2625
455,2020-10-06,730.0,467.194,500.2488236516869,0.9932631089370577,501.0541666666667
456,2020-09-09,330.0,482.694,449.1741765561808,0.9956924756061662,553.5541666666666
457,2020-10-01,440.0,484.86066666666665,446.4219235893266,1.0298981063146695,584.5958333333333
458,2020-10-18,1050.0,470.36066666666665,627.4953465125287,0.983653835112292,600.9437499999999
459,2020-10-13,630.0,498.86066666666665,628.24674255877,0.9586914203701555,635.875
460,2020-08-06,345.0,512.0273333333333,543.272719791139,1.0703417005379559,677.5833333333333
461,2020-10-23,960.0,509.02733333333333,668.2909038537973,1.0867072909336586,696.3333333333333
462,2020-10-22,1060.0,507.36066666666665,785.8036326976581,0.9755464733161998,693.0
463,2020-11-02,440.0,527.694,682.0625428883607,0.9440422740236796,685.0833333333333
464,2020-10-13,810.0,535.4606666666666,720.4437800218526,0.928662609748724,669.6666666666666
465,2020-10-15,691.0,548.4606666666666,711.6106460152968,0.9350856688905432,650.9166666666666
466,2020-10-23,890.0,558.8273333333333,765.1274522107078,1.0984150362088982,660.7083333333333
467,2020-11-05,690.0,581.494,742.5892165474955,0.9932631089370577,693.4166666666666
468,2020-11-04,290.0,573.1606666666667,606.8124515832468,0.9956924756061662,696.3333333333333
469,2020-11-01,290.0,577.9273333333333,511.7687161082727,1.0298981063146695,701.9583333333333
470,2020-11-05,830.0,582.694,607.2381012757909,0.983653835112292,685.5
471,2020-11-20,400.0,605.394,545.0666708930536,0.9586914203701555,630.4583333333333
472,2020-11-12,810.0,613.7883333333334,624.5466696251376,1.0703417005379559,573.3333333333333
473,2020-10-27,1280.0,612.7883333333334,821.1826687375964,1.0867072909336586,525.0
474,2020-05-14,810.0,629.7883333333334,817.8278681163175,0.9755464733161998,507.0833333333333
475,2020-07-17,825.0,638.2883333333334,819.9795076814223,0.9440422740236796,521.4583333333333
476,2020-03-02,30.0,638.6216666666667,582.9856553769955,0.928662609748724,538.5416666666666
477,2020-11-06,150.0,616.2883333333334,453.0899587638968,0.9350856688905432,556.0416666666666
478,2020-10-11,60.0,596.955,335.1629711347277,1.0984150362088982,543.75
479,2020-11-08,360.0,567.955,342.61407979430936,0.9932631089370577,465.41666666666663
480,2020-11-11,190.0,567.2883333333334,296.82985585601654,0.9956924756061662,403.54166666666663
481,2020-10-31,735.0,560.955,428.2808990992116,1.0298981063146695,381.25
482,2020-11-02,795.0,572.955,538.2966293694482,0.983653835112292,392.29166666666663
483,2020-11-19,855.0,583.3666666666667,633.3076405586138,0.9586914203701555,420.41666666666663
484,2020-11-16,60.0,605.8666666666667,461.3153483910296,1.0703417005379559,481.66666666666663
485,2020-11-19,150.0,594.5333333333333,367.9207438737207,1.0867072909336586,556.6666666666666
486,2020-11-23,455.0,575.2,394.04452071160455,0.9755464733161998,592.7083333333333
487,2020-11-03,645.0,579.3666666666667,469.3311644981232,0.9440422740236796,609.375
488,2020-11-24,475.0,586.2,471.03181514868623,0.928662609748724,612.4999999999999
489,2020-11-20,380.0,567.0333333333333,443.7222706040804,0.9350856688905432,595.4166666666666
490,2020-09-15,1300.0,558.7,700.6055894228564,1.0984150362088982,634.7916666666666
491,2020-12-12,920.0,590.5333333333333,766.4239125959995,0.9932631089370577,707.7083333333333
492,2020-10-09,495.0,589.2,684.9967388171996,0.9956924756061662,729.375
493,2020-10-17,830.0,570.3666666666667,728.4977171720396,1.0298981063146695,734.7916666666666
494,2020-10-26,775.0,583.3666666666667,742.4484020204277,0.983653835112292,728.125
495,2020-11-05,465.0,582.2,659.2138814142994,0.9586914203701555,720.0
496,2020-11-12,1395.0,574.6666666666666,879.9497169900097,1.0703417005379559,679.5833333333333
497,2020-11-22,565.0,591.5,785.4648018930068,1.0867072909336586,636.25
498,2020-11-26,560.0,587.3333333333334,717.8253613251047,0.9755464733161998,625.625
499,2020-12-15,670.0,596.3333333333334,703.4777529275732,0.9440422740236796,606.6666666666666
500,2020-12-29,290.0,609.0,579.4344270493012,0.928662609748724,578.9583333333333
501,2020-12-20,370.0,591.0,516.6040989345108,0.9350856688905432,568.75
502,2020-12-17,340.0,590.0,463.6228692541576,1.0984150362088982,530.3241666666667
503,2020-12-25,840.0,574.3333333333334,576.5360084779103,0.9932631089370577,474.6066666666666
504,2020-12-31,320.0,559.6666666666666,499.57520593453717,0.9956924756061662,480.2316666666666
505,2021-01-10,550.0,543.3333333333334,514.702644154176,1.0298981063146695,491.4816666666667
506,2021-01-07,390.0,534.1666666666666,477.2918509079232,0.983653835112292,486.6483333333333
507,2020-10-28,605.0,546.1666666666666,515.6042956355462,0.9586914203701555,479.93999999999994
508,2021-01-12,332.78,561.3333333333334,460.75700694488233,1.0703417005379559,483.06499999999994
509,2021-01-05,290.0,570.4259999999999,409.52990486141766,1.0867072909336586,490.3566666666666
510,2021-01-04,970.0,568.0926666666667,577.6709334029924,0.9755464733161998,515.3983333333333
511,2021-01-10,530.0,594.0926666666667,563.3696533820947,0.9440422740236796,551.2733333333333
512,2021-01-15,314.0,587.2593333333333,488.5587573674663,0.928662609748724,570.8566666666667
513,2020-12-31,185.0,571.226,397.4911301572264,0.9350856688905432,575.0233333333333
514,2020-11-30,600.0,548.8926666666666,458.2437911100585,1.0984150362088982,567.6574999999999
515,2020-12-12,755.0,566.8926666666666,547.270653777041,0.9932631089370577,584.6666666666666
516,2020-11-09,1006.0,587.0593333333333,684.8894576439287,0.9956924756061662,587.5833333333333
517,2020-06-18,725.0,605.4259999999999,696.9226203507501,1.0298981063146695,561.0833333333334
518,2020-09-09,685.0,608.0926666666667,693.345834245525,0.983653835112292,542.3333333333333
519,2020-09-19,410.0,615.0926666666667,608.3420839718675,0.9586914203701555,554.0416666666666
520,2020-09-22,351.0,616.0926666666667,531.1394587803072,1.0703417005379559,572.7916666666666
521,2020-11-16,680.0,584.4593333333333,575.7976211462151,1.0867072909336586,573.2083333333333
522,2021-01-15,650.0,576.4593333333333,598.0583348023506,0.9755464733161998,563.5833333333333
523,2020-12-29,214.0,581.626,482.8408343616454,0.9440422740236796,573.3333333333333
524,2021-03-25,180.0,561.0926666666667,391.9885840531517,0.928662609748724,569.7916666666666
525,2021-03-25,600.0,541.2593333333333,454.3920088372063,0.9350856688905432,563.125
526,2021-01-07,635.0,545.7593333333333,508.57440618604437,1.0984150362088982,593.2916666666666
527,2020-12-22,730.0,520.4259999999999,575.0020843302311,0.9932631089370577,590.75
528,2020-09-18,800.0,525.9259999999999,642.5014590311619,0.9956924756061662,563.25
529,2020-10-19,1165.0,533.9259999999999,799.2510213218133,1.0298981063146695,557.875
530,2021-04-02,160.0,550.4259999999999,607.4757149252692,0.983653835112292,586.1458333333333
531,2020-11-30,775.0,546.0926666666667,657.7330004476885,0.9586914203701555,615.9375
532,2020-12-15,710.0,559.5926666666667,673.413100313382,1.0703417005379559,628.9583333333333
533,2020-10-31,260.0,571.9259999999999,549.3891702193673,1.0867072909336586,636.4583333333333
534,2021-04-01,410.0,552.5926666666667,507.57241915355706,0.9755464733161998,663.7499999999999
535,2021-09-05,325.0,555.5926666666667,452.8006934074899,0.9440422740236796,677.9166666666666
536,2021-04-05,747.5,548.0926666666667,541.2104853852429,0.928662609748724,677.9166666666666
537,2021-04-02,747.5,560.0093333333333,603.09733976967,0.9350856688905432,664.7916666666666
538,2021-03-19,800.0,564.7593333333333,662.1681378387691,1.0984150362088982,622.0833333333333
539,2021-04-08,745.0,580.3333333333334,687.0176964871384,0.9932631089370577,623.3333333333333
540,2021-05-13,1440.0,595.5,912.912387540997,0.9956924756061662,661.25
541,2021-01-08,865.0,611.1666666666666,898.5386712786978,1.0298981063146695,690.2083333333333
542,2021-04-12,460.0,622.3333333333334,766.9770698950884,0.983653835112292,712.6041666666666
543,2020-11-10,160.0,627.2,584.8839489265619,0.9586914203701555,724.0625
544,2020-11-13,300.0,626.3666666666667,499.4187642485932,1.0703417005379559,706.625
545,2021-04-02,700.0,616.3666666666667,559.5931349740152,1.0867072909336586,668.6666666666666
546,2021-04-06,880.0,614.5333333333333,655.7151944818107,0.9755464733161998,643.0416666666666
547,2021-04-19,550.0,610.3333333333334,624.0006361372675,0.9440422740236796,653.875
548,2021-04-10,1060.0,604.5,754.8004452960872,0.928662609748724,677.4166666666666
549,2021-04-26,710.0,617.0,741.3603117072611,0.9350856688905432,698.25
550,2021-04-06,419.0,627.0,644.6522181950827,1.0984150362088982,706.1666666666666
551,2021-04-21,215.0,629.2666666666667,515.7565527365579,0.9932631089370577,694.0833333333333
552,2021-04-26,1355.0,613.7666666666667,767.5295869155906,0.9956924756061662,668.875
553,2021-05-09,1210.0,637.2666666666667,900.2707108409136,1.0298981063146695,662.0
554,2021-05-04,680.0,670.4666666666667,834.1894975886395,0.983653835112292,645.3333333333333
555,2021-04-22,440.0,687.1333333333333,715.9326483120476,0.9586914203701555,623.25
556,2021-04-20,210.0,681.8,564.1528538184333,1.0703417005379559,658.7083333333333
557,2021-04-02,500.0,667.6333333333333,544.9069976729033,1.0867072909336586,700.625
558,2021-04-04,475.0,659.9666666666667,523.9348983710323,0.9755464733161998,670.625
559,2021-05-08,790.0,649.1333333333333,603.7544288597227,0.9440422740236796,600.625
560,2021-05-21,420.0,636.6333333333333,548.6281002018059,0.928662609748724,561.25
561,2021-04-24,820.0,645.3,630.0396701412641,0.9350856688905432,536.25
562,2021-04-19,1160.0,646.8,789.027769098885,1.0984150362088982,519.1666666666666
563,2021-04-27,480.0,661.8,696.3194383692195,0.9932631089370577,507.70833333333326
564,2021-04-19,370.0,669.1333333333333,598.4236068584536,0.9956924756061662,499.79166666666663
565,2021-04-03,515.0,667.8,573.3965248009175,1.0298981063146695,483.95833333333326
566,2021-05-18,430.0,674.1333333333333,530.3775673606423,0.983653835112292,459.58333333333326
567,2021-05-23,90.0,663.55,398.26429715244956,0.9586914203701555,447.4999999999999
568,2021-05-26,150.0,641.6333333333333,323.7850080067147,1.0703417005379559,431.66666666666663
569,2021-05-29,285.0,619.9666666666667,312.14950560470027,1.0867072909336586,420.41666666666663
570,2021-05-31,500.0,604.6333333333333,368.5046539232902,0.9755464733161998,419.16666666666663
571,2021-06-02,385.0,573.3,373.45325774630317,0.9440422740236796,413.54166666666663
572,2021-06-21,240.0,557.3,333.4172804224122,0.928662609748724,412.5
573,2021-05-29,710.0,549.9666666666667,446.3920962956886,0.9350856688905432,440.83333333333326
574,2021-06-28,890.0,568.3,579.4744674069821,1.0984150362088982,490.41666666666663
575,2021-06-05,480.0,587.9666666666667,549.6321271848875,0.9932631089370577,550.4166666666666
576,2021-06-11,340.0,580.6333333333333,486.7424890294212,0.9956924756061662,584.5833333333333
577,2021-06-10,410.0,562.6333333333333,463.71974232059483,1.0298981063146695,591.875
578,2021-06-15,510.0,557.9666666666667,477.6038196244164,0.983653835112292,621.25
579,2021-07-04,690.0,539.6333333333333,541.3226737370916,0.9586914203701555,619.25
580,2021-06-28,740.0,538.9666666666667,600.9258716159641,1.0703417005379559,573.0833333333333
581,2021-05-22,1135.0,549.6666666666666,761.1481101311749,1.0867072909336586,542.6666666666666
582,2021-04-12,470.0,580.3333333333334,673.8036770918224,0.9755464733161998,559.9583333333333
583,2021-04-16,590.0,550.8333333333334,648.6625739642757,0.9440422740236796,580.375
584,2021-04-19,740.0,530.1666666666666,676.0638017749931,0.928662609748724,567.5833333333333
585,2021-06-10,162.0,532.1666666666666,521.844661242495,0.9350856688905432,550.2083333333333
586,2021-06-25,330.0,522.9,464.2912628697465,1.0984150362088982,521.0416666666666
587,2021-06-30,310.0,526.9,418.0038840088226,0.9932631089370577,494.29166666666663
588,2021-04-11,925.0,520.5666666666667,570.1027188061759,0.9956924756061662,492.3333333333333
589,2021-06-17,315.0,535.5666666666667,493.5719031643231,1.0298981063146695,480.66666666666663
590,2021-07-15,298.0,519.7333333333333,434.90033221502614,0.983653835112292,463.16666666666663
591,2021-06-10,485.0,515.6666666666666,449.9302325505183,0.9586914203701555,466.0
592,2021-07-01,245.0,504.5,388.45116278536284,1.0703417005379559,492.37499999999994
593,2021-06-21,988.0,474.0,568.315813949754,1.0867072909336586,523.8333333333333
594,2021-06-16,570.0,490.93333333333334,568.8210697648278,0.9755464733161998,501.49999999999994
595,2021-06-13,210.0,497.6,461.17474883537943,0.9440422740236796,474.54166666666663
596,2021-05-24,700.0,487.43333333333334,532.8223241847656,0.928662609748724,490.41666666666663
597,2021-07-21,270.0,496.43333333333334,453.97562692933593,0.9350856688905432,518.8333333333333
598,2021-06-11,855.0,502.43333333333334,574.2829388505352,1.0984150362088982,543.8333333333333
599,2021-07-05,540.0,525.9333333333333,563.9980571953746,0.9932631089370577,527.25
600,2021-07-08,159.0,534.4333333333333,442.4986400367622,0.9956924756061662,496.29166666666663
601,2021-07-11,434.0,523.0666666666667,439.94904802573353,1.0298981063146695,496.91666666666663
602,2021-07-19,560.0,524.7,475.96433361801354,0.983653835112292,477.75
603,2021-04-15,905.0,535.3666666666667,604.6750335326095,0.9586914203701555,473.5833333333333
604,2021-06-29,425.0,541.8666666666667,550.7725234728266,1.0703417005379559,481.20833333333326
605,2021-07-10,410.0,526.3666666666667,508.5407664309786,1.0867072909336586,472.2083333333333
606,2021-07-24,405.0,524.0333333333333,477.478536501685,0.9755464733161998,486.08333333333326
607,2021-07-30,390.0,526.2,451.2349755511795,0.9440422740236796,500.37499999999994
608,2021-07-21,60.0,525.5333333333333,333.86448288582557,0.928662609748724,536.25
609,2021-07-08,810.0,510.53333333333336,476.705138020078,0.9350856688905432,550.2083333333333
610,2021-05-15,498.0,514.5333333333333,483.09359661405455,1.0984150362088982,531.875
611,2021-05-26,681.0,506.46666666666664,542.4655176298382,0.9932631089370577,534.1666666666666
612,2021-07-19,351.0,491.3333333333333,485.02586234088676,0.9956924756061662,543.5416666666666
613,2021-07-26,585.0,487.3666666666667,515.0181036386207,1.0298981063146695,580.8333333333333
614,2021-03-17,1270.0,487.2,741.5126725470346,0.983653835112292,626.8749999999999
615,2021-05-05,530.0,504.8666666666667,678.0588707829243,0.9586914203701555,640.0
616,2021-05-13,360.0,517.1333333333333,582.641209548047,1.0703417005379559,655.9166666666666
617,2021-05-21,530.0,518.1333333333333,566.8488466836328,1.0867072909336586,669.7083333333333
618,2021-05-27,510.0,525.4666666666667,549.794192678543,0.9755464733161998,684.625
619,2021-06-09,1180.0,511.6333333333333,738.8559348749802,0.9440422740236796,713.125
620,2021-07-24,375.0,540.4666666666667,629.6991544124861,0.928662609748724,691.6666666666666
621,2021-04-19,810.0,543.0333333333333,683.7894080887403,0.9350856688905432,653.4166666666666
622,2021-05-17,880.0,553.8666666666667,742.6525856621183,1.0984150362088982,652.25
623,2021-04-27,630.0,575.0333333333333,708.8568099634828,0.9932631089370577,655.5416666666666
624,2021-06-19,760.0,563.1,724.1997669744379,0.9956924756061662,647.5833333333333
625,2021-06-26,860.0,569.4333333333333,764.9398368821065,1.0298981063146695,634.6666666666666
626,2021-07-08,480.0,591.1,679.4578858174746,0.983653835112292,652.5833333333333
627,2021-07-28,402.0,583.7666666666667,596.2205200722321,0.9586914203701555,666.9583333333333
628,2021-08-01,460.0,588.1666666666666,555.3543640505625,1.0703417005379559,649.6666666666665
629,2021-05-31,509.0,575.0,541.4480548353937,1.0867072909336586,651.1249999999999
630,2021-04-10,340.0,573.9666666666667,481.01363838477556,0.9755464733161998,646.9583333333333
631,2021-05-09,1040.0,580.0,648.709546869343,0.9440422740236796,660.0833333333333
632,2021-06-10,945.0,600.2,737.59668280854,0.928662609748724,700.5
633,2021-08-04,585.0,613.0333333333333,691.817677965978,0.9350856688905432,704.1666666666666
634,2021-08-03,690.0,602.3666666666667,691.2723745761846,1.0984150362088982,683.25
635,2021-08-12,855.0,611.2,740.3906622033292,0.9932631089370577,679.125
636,2021-08-13,435.0,626.0333333333333,648.7734635423303,0.9956924756061662,721.3333333333333
637,2021-08-08,1500.0,627.0333333333333,904.1414244796313,1.0298981063146695,724.75
638,2021-07-26,810.0,664.0333333333333,875.8989971357419,0.983653835112292,656.9166666666666
639,2021-08-10,160.0,689.0333333333333,661.1292979950193,0.9586914203701555,606.8333333333333
640,2021-08-15,200.0,667.3666666666667,522.7905085965135,1.0703417005379559,569.5833333333334
641,2021-07-31,670.0,657.4333333333333,566.9533560175595,1.0867072909336586,525.875
642,2021-08-06,1192.0,657.0666666666667,754.4673492122918,0.9755464733161998,495.2916666666667
643,2021-08-17,270.0,685.1,609.1271444486042,0.9440422740236796,473.29166666666663
644,2021-08-17,87.0,674.6,452.48900111402287,0.928662609748724,442.75
645,2021-08-14,241.0,635.1666666666666,389.042300779816,0.9350856688905432,439.91666666666663
646,2021-08-16,140.0,625.5333333333333,314.32961054587116,1.0984150362088982,456.25
647,2021-08-20,356.0,618.2,326.8307273821098,0.9932631089370577,470.625
648,2021-08-20,200.0,612.4,288.7815091674768,0.9956924756061662,457.8333333333333
649,2021-08-23,1207.0,602.0666666666667,564.2470564172338,1.0298981063146695,432.75
650,2021-08-23,370.0,602.9666666666667,505.9729394920637,0.983653835112292,448.70833333333326
651,2021-08-18,532.0,602.8,513.7810576444446,0.9586914203701555,508.79166666666663
652,2021-08-24,220.0,593.5333333333333,425.64674035111113,1.0703417005379559,566.875
653,2021-08-04,995.0,571.5333333333333,596.4527182457779,1.0867072909336586,576.9166666666666
654,2021-09-03,560.0,583.7,585.5169027720444,0.9755464733161998,590.5
655,2021-09-09,300.0,577.0333333333333,499.86183194043105,0.9440422740236796,561.6791666666666
656,2021-09-04,440.0,558.3666666666667,481.90328235830174,0.928662609748724,529.3583333333333
657,2021-08-27,1330.0,557.0333333333333,736.3322976508114,0.9350856688905432,523.8305416666666
658,2021-09-05,445.0,587.9666666666667,648.9326083555679,1.0984150362088982,518.4694166666666
659,2021-08-30,292.0,587.4666666666667,541.8528258488975,0.9932631089370577,527.42775
660,2021-08-20,590.0,580.2333333333333,556.2969780942283,0.9956924756061662,512.05275
661,2021-08-30,125.3,588.5666666666667,426.99788466595976,1.0298981063146695,505.6360833333333
662,2021-09-07,676.0,558.0766666666666,501.6985192661719,0.983653835112292,509.3860833333333
663,2021-08-19,93.333,549.11,379.1888634863203,0.9586914203701555,464.59441666666663
664,2021-07-14,530.0,532.7211000000001,424.43220444042424,1.0703417005379559,431.2610833333333
665,2021-08-14,900.0,527.3877666666667,567.102543108297,1.0867072909336586,464.7194166666667
666,2021-09-05,286.0,528.8877666666667,482.77178017580786,0.9755464733161998,469.6360833333333
667,2021-09-12,420.0,523.9211,463.9402461230655,0.9440422740236796,452.33191666666664
668,2021-09-10,410.0,487.9211000000001,447.75817228614585,0.928662609748724,443.52774999999997
669,2021-09-17,285.0,474.5877666666667,398.93072060030204,0.9350856688905432,455.43054166666667
670,2021-09-19,690.0,478.7544333333334,486.25150442021146,1.0984150362088982,498.8333333333333
671,2021-09-19,850.0,495.0877666666667,595.376053094148,0.9932631089370577,503.8333333333333
672,2021-09-12,150.0,501.0877666666667,461.76323716590355,0.9956924756061662,516.7083333333333
673,2021-09-12,150.0,466.35443333333336,368.23426601613244,1.0298981063146695,555.625
674,2021-09-25,440.0,462.35443333333336,389.7639862112927,0.983653835112292,570.625
675,2021-09-27,615.0,474.12110000000007,457.3347903479049,0.9586914203701555,590.625
676,2021-09-13,1050.0,486.5877666666667,635.1343532435335,1.0703417005379559,597.0833333333333
677,2021-09-05,500.0,516.9211,594.5940472704734,1.0867072909336586,574.5833333333333
678,2021-09-28,995.0,521.7211000000001,714.7158330893315,0.9755464733161998,581.6666666666667
679,2021-09-30,645.0,548.2211000000001,693.801083162532,0.9440422740236796,624.375
680,2021-09-20,545.0,529.4877666666667,649.1607582137724,0.928662609748724,662.0833333333334
681,2021-10-05,630.0,535.3211,643.4125307496407,0.9350856688905432,678.125
682,2021-07-27,500.0,538.5877666666668,600.3887715247484,1.0984150362088982,680.4166666666666
683,2021-08-02,500.0,547.9211,570.2721400673239,0.9932631089370577,701.6666666666666
684,2021-08-19,670.0,531.4211,600.1904980471268,0.9956924756061662,704.375
685,2021-10-06,655.0,535.0877666666668,616.6333486329888,1.0298981063146695,667.0833333333333
686,2021-09-23,840.0,546.9211,683.6433440430923,0.983653835112292,626.875
687,2021-10-09,600.0,560.2544333333334,658.5503408301645,0.9586914203701555,606.6666666666666
688,2021-07-31,1120.0,535.9211,796.9852385811151,1.0703417005379559,594.6666666666666
689,2021-10-10,940.0,558.4211,839.8896670067807,1.0867072909336586,578.6666666666666
690,2021-10-17,620.0,580.0211,773.9227669047464,0.9755464733161998,551.0
691,2021-10-07,125.0,581.0211,579.2459368333224,0.9440422740236796,514.2291666666666
692,2021-10-07,100.0,581.0111,435.47215578332566,0.928662609748724,493.625
693,2021-10-15,590.0,561.8111000000001,481.830509048328,0.9350856688905432,472.58333333333326
694,2021-10-19,252.0,578.3666666666667,412.88135633382956,1.0984150362088982,470.29166666666663
695,2021-10-19,364.0,569.1,398.2169494336807,0.9932631089370577,458.62499999999994
696,2021-10-22,142.0,551.2333333333333,321.3518646035765,0.9956924756061662,447.79166666666663
697,2021-10-20,300.5,546.4333333333333,315.09630522250353,1.0298981063146695,500.7083333333333
698,2021-10-21,700.0,542.45,430.56741365575255,0.983653835112292,549.6666666666666
699,2021-10-17,235.0,552.1166666666667,371.89718955902674,0.9586914203701555,563.625
700,2021-07-08,1430.0,550.45,689.3280326913189,1.0703417005379559,576.0416666666666
701,2021-10-25,350.0,575.1166666666667,587.5296228839231,1.0867072909336586,584.9583333333333
702,2021-10-25,950.0,558.45,696.2707360187462,0.9755464733161998,604.2916666666666
703,2021-10-29,1065.0,585.1166666666667,806.8895152131225,0.9440422740236796,623.3541666666666
704,2021-10-28,335.0,615.6166666666667,665.3226606491857,0.928662609748724,618.9583333333333
705,2021-10-18,690.0,612.1166666666667,672.7258624544301,0.9350856688905432,656.8749999999999
706,2021-11-06,450.0,614.6166666666667,605.9081037181011,1.0984150362088982,658.75
707,2021-11-09,380.0,594.6166666666667,538.1356726026708,0.9932631089370577,662.2916666666666
708,2021-11-06,590.0,590.6166666666667,553.6949708218696,0.9956924756061662,681.6666666666666
709,2021-11-10,310.0,577.1166666666667,480.58647957530866,1.0298981063146695,624.7916666666667
710,2021-11-12,585.0,565.95,511.91053570271606,0.983653835112292,616.6666666666666
711,2021-11-24,1260.0,567.2833333333333,736.3373749919014,0.9586914203701555,630.4166666666667
712,2021-12-01,450.0,588.2833333333333,650.4361624943308,1.0703417005379559,648.3333333333333
713,2021-11-26,1415.0,586.6166666666667,879.8053137460315,1.0867072909336586,679.1666666666666
714,2021-12-04,350.0,617.1166666666667,720.863719622222,0.9755464733161998,676.0833333333333
715,2021-12-04,300.0,606.45,594.6046037355553,0.9440422740236796,685.5
716,2021-12-06,905.0,594.6166666666667,687.7232226148888,0.928662609748724,688.7916666666666
717,2021-12-05,450.0,596.7833333333333,616.4062558304221,0.9350856688905432,653.75
718,2021-11-15,1120.0,591.7833333333333,767.4843790812954,1.0984150362088982,621.6666666666666
719,2021-11-17,450.0,591.7833333333333,672.2390653569067,0.9932631089370577,575.2083333333333
720,2021-11-25,446.0,575.45,604.3673457498347,0.9956924756061662,557.7083333333333
721,2021-10-26,680.0,569.65,627.0571420248843,1.0298981063146695,601.25
722,2021-11-16,294.0,588.15,527.139999417419,0.983653835112292,627.7083333333333
723,2021-11-22,710.0,594.6166666666667,581.9979995921933,0.9586914203701555,627.5
724,2021-11-29,230.0,598.6166666666667,476.3985997145353,1.0703417005379559,599.375
725,2021-12-08,520.0,597.8833333333333,489.47901980017474,1.0867072909336586,570.2083333333333
726,2021-12-07,825.0,603.0833333333334,590.1353138601223,0.9755464733161998,579.3333333333333
727,2021-11-23,870.0,625.85,674.0947197020857,0.9440422740236796,578.25
728,2021-12-03,970.0,644.8333333333334,762.86630379146,0.928662609748724,570.375
729,2021-12-12,380.0,653.8333333333334,648.006412654022,0.9350856688905432,558.75
730,2021-12-14,515.0,658.6666666666666,608.1044888578155,1.0984150362088982,539.4166666666666
731,2021-12-16,355.0,628.1666666666666,532.1731422004708,0.9932631089370577,527.0
732,2021-12-25,760.0,628.3333333333334,600.5211995403296,0.9956924756061662,515.7916666666666
733,2021-11-15,340.0,622.0,522.3648396782306,1.0298981063146695,503.91666666666663
734,2021-12-31,445.0,597.8333333333334,499.15538777476144,0.983653835112292,484.12499999999994
735,2022-01-03,280.0,601.5,433.408771442333,0.9586914203701555,508.7083333333333
736,2022-01-04,196.0,587.8333333333334,362.186140009633,1.0703417005379559,540.375
737,2022-01-03,256.0,579.3666666666667,330.3302980067431,1.0867072909336586,554.5416666666666
738,2022-01-05,820.0,575.2333333333333,477.2312086047203,0.9755464733161998,578.0833333333334
739,2022-01-04,590.0,582.9,511.0618460233042,0.9440422740236796,602.25
740,2022-01-03,775.0,592.2333333333333,590.243292216313,0.928662609748724,612.6666666666666
741,2021-12-10,1165.0,598.5666666666667,762.6703045514191,0.9350856688905432,634.75
742,2021-12-31,490.0,595.4,680.8692131859933,1.0984150362088982,716.3749999999999
743,2022-01-19,720.0,596.7333333333333,692.6084492301953,0.9932631089370577,822.1249999999999
744,2021-12-04,960.0,573.5666666666667,772.8259144611368,0.9956924756061662,858.2083333333333
745,2022-01-18,720.0,593.9,756.9781401227957,1.0298981063146695,867.8749999999999
746,2022-01-07,315.0,607.9,624.384698085957,0.983653835112292,888.2916666666665
747,2022-01-14,940.0,588.2333333333333,719.0692886601698,0.9586914203701555,844.5416666666666
748,2021-12-10,1495.0,604.5666666666667,951.8485020621189,1.0703417005379559,820.1666666666665
749,2021-12-04,1495.0,617.0666666666667,1114.7939514434831,1.0867072909336586,814.7083333333333
750,2022-01-24,447.0,651.9,914.4557660104381,0.9755464733161998,763.0
751,2022-01-07,1195.0,651.9333333333333,998.6190362073066,0.9440422740236796,726.3333333333333
752,2022-01-28,660.0,669.1,897.0333253451147,0.928662609748724,742.5833333333333
753,2022-02-13,230.0,681.3,696.9233277415802,0.9350856688905432,733.4166666666666
754,2021-11-21,840.0,665.3,739.8463294191063,1.0984150362088982,690.2916666666666
755,2022-01-29,239.0,685.6333333333333,589.5924305933744,0.9932631089370577,620.3333333333333
756,2022-02-08,200.0,676.2666666666667,472.714701415362,0.9956924756061662,559.875
757,2022-02-04,600.0,655.4333333333333,510.90029099075343,1.0298981063146695,524.375
758,2022-01-16,825.0,646.4333333333333,605.1302036935275,0.983653835112292,498.54166666666663
759,2022-01-30,210.0,641.6,486.5911425854692,0.9586914203701555,529.5833333333333
760,2022-02-05,1190.0,635.9333333333333,697.6137998098285,1.0703417005379559,539.1666666666666
761,2022-02-13,121.0,658.4333333333333,524.6296598668798,1.0867072909336586,531.2916666666666
762,2022-02-15,370.0,650.6333333333333,478.24076190681586,0.9755464733161998,547.5833333333333
763,2022-02-20,420.0,637.6333333333333,460.76853333477106,0.9440422740236796,558.4166666666667
764,2022-02-03,815.0,640.3,567.0379733343398,0.928662609748724,564.0416666666666
765,2022-02-22,820.0,652.6333333333333,642.9265813340378,0.9350856688905432,585.5
766,2022-03-05,480.0,670.6333333333333,594.0486069338264,1.0984150362088982,569.215275
767,2022-01-30,410.0,680.1,538.8340248536784,0.9932631089370577,570.18055
768,2022-02-04,420.0,685.2333333333333,503.1838173975749,0.9956924756061662,638.8888833333333
769,2022-02-11,640.0,671.9,544.2286721783024,1.0298981063146695,667.4305499999999
770,2022-02-16,920.0,673.5666666666667,656.9600705248117,0.983653835112292,655.9722166666667
771,2022-02-18,630.0,678.4,648.8720493673682,0.9586914203701555,636.3888833333333
772,2021-09-13,379.1666,660.5666666666667,567.9604145571577,1.0703417005379559,615.9722166666667
773,2021-12-08,955.0,656.87222,684.0722901900104,1.0867072909336586,602.2638833333333
774,2021-12-08,1185.0,664.7055533333333,834.3506031330073,0.9755464733161998,610.43055
775,2022-02-23,290.0,672.2055533333333,671.045422193105,0.9440422740236796,625.4305499999999
776,2022-03-01,670.0,657.87222,670.7317955351735,0.928662609748724,617.0138833333333
777,2022-02-16,495.0,669.7055533333333,618.0122568746215,0.9350856688905432,588.55555
778,2022-02-24,315.0,654.87222,527.108579812235,1.0984150362088982,570.215275
779,2022-02-26,246.0,615.5388866666667,442.7760058685644,0.9932631089370577,563.7916666666666
780,2022-02-19,780.0,573.9055533333334,543.9432041079951,0.9956924756061662,563.7916666666666
781,2022-03-02,640.0,585.0055533333333,572.7602428755966,1.0298981063146695,573.5833333333333
782,2022-02-24,718.0,566.5055533333333,616.3321700129177,0.983653835112292,566.625
783,2022-03-11,149.0,568.4388866666667,476.1325190090423,0.9586914203701555,582.7916666666666
784,2022-01-30,420.0,565.7388866666666,459.29276330632956,1.0703417005379559,645.7083333333333
785,2021-10-20,760.0,551.7388866666666,549.5049343144308,1.0867072909336586,704.4166666666666
786,2022-01-23,1380.0,569.1055533333333,798.6534540201015,0.9755464733161998,710.8333333333333
787,2021-10-10,330.0,608.4388866666667,658.0574178140711,0.9440422740236796,680.8333333333333
788,2021-12-31,463.0,599.4388866666667,599.5401924698498,0.928662609748724,648.5
789,2022-03-04,1090.0,587.37222,746.6781347288949,0.9350856688905432,685.375
790,2022-03-17,1230.0,616.7055533333333,891.6746943102264,1.0984150362088982,723.9583333333333
791,2022-01-20,740.0,618.0388866666667,846.1722860171584,0.9932631089370577,699.5833333333334
792,2021-10-30,440.0,638.67222,724.3206002120108,0.9956924756061662,666.25
793,2021-10-12,260.0,641.0055533333333,585.0244201484076,1.0298981063146695,683.75
794,2022-03-16,322.0,635.67222,506.1170941038853,0.983653835112292,762.7916666666666
795,2022-03-21,1430.0,619.2388866666666,783.2819658727199,0.9586914203701555,783.4999999999999
796,2022-01-25,65.0,639.57222,567.7973761109039,1.0703417005379559,738.5
797,2021-07-19,530.0,625.7388866666666,556.4581632776327,1.0867072909336586,718.0833333333333
798,2021-04-19,810.0,629.7388866666666,632.520714294343,0.9755464733161998,746.8333333333333
799,2022-02-13,1320.0,642.7388866666666,838.7645000060402,0.9440422740236796,796.625
800,2022-03-21,1370.0,665.4055533333334,998.1351500042282,0.928662609748724,833.0
801,2022-03-21,680.0,680.4055533333334,902.6946050029596,0.9350856688905432,835.8333333333334
802,2022-03-14,560.0,682.07222,799.8862235020717,1.0984150362088982,855.2083333333333
803,2022-02-27,920.0,688.1,835.9203564514502,0.9932631089370577,872.2083333333333
804,2022-03-16,950.0,686.9333333333333,870.1442495160152,0.9956924756061662,845.0416666666665
805,2021-06-10,945.0,679.1,892.6009746612106,1.0298981063146695,776.8749999999999
806,2022-03-12,510.0,700.9333333333333,777.8206822628474,0.983653835112292,696.2083333333333
807,2022-03-15,1310.0,695.6,937.4744775839932,0.9586914203701555,653.0833333333333
808,2022-03-17,650.0,722.7666666666667,851.2321343087953,1.0703417005379559,646.2083333333333
809,2022-02-08,353.0,733.9333333333333,701.7624940161567,1.0867072909336586,633.9166666666666
810,2022-03-10,335.0,737.5,591.7337458113096,0.9755464733161998,608.0833333333333
811,2022-03-21,159.0,722.6666666666666,461.9136220679167,0.9440422740236796,597.0416666666667
812,2022-03-30,595.0,706.6333333333333,501.8395354475417,0.928662609748724,610.5833333333333
813,2022-04-12,420.0,702.5333333333333,477.2876748132792,0.9350856688905432,607.6666666666666
814,2022-04-10,655.0,711.5666666666667,530.6013723692954,1.0984150362088982,584.1083333333333
815,2021-05-21,530.0,719.4,530.4209606585068,0.9932631089370577,589.175
816,2022-03-10,720.0,711.7333333333333,587.2946724609548,0.9956924756061662,613.0083333333333
817,2021-09-13,910.0,689.7333333333333,684.1062707226683,1.0298981063146695,628.2583333333332
818,2022-04-17,870.0,709.0666666666667,739.8743895058678,0.983653835112292,663.3
819,2022-04-17,880.0,722.6333333333333,781.9120726541074,0.9586914203701555,693.0916666666666
820,2022-04-06,514.6,715.6333333333333,701.7184508578752,1.0703417005379559,692.0916666666667
821,2022-04-06,610.0,691.7866666666666,674.2029156005127,1.0867072909336586,689.8416666666666
822,2022-04-21,650.0,687.4533333333333,666.9420409203589,0.9755464733161998,665.05
823,2022-04-04,210.0,694.4533333333333,529.8594286442511,0.9440422740236796,627.1333333333332
824,2022-04-30,1385.0,692.7866666666666,786.401600050976,0.928662609748724,596.7166666666667
825,2022-04-27,345.0,728.2199999999999,653.9811200356831,0.9350856688905432,570.2583333333332
826,2022-04-30,706.0,692.0533333333333,669.5867840249782,1.0984150362088982,586.1083333333333
827,2022-04-15,425.0,713.42,596.2107488174847,0.9932631089370577,595.5833333333333
828,2022-04-05,230.0,709.92,486.3475241722393,0.9956924756061662,593.7916666666666
829,2022-04-25,490.0,690.5866666666666,487.4432669205675,1.0298981063146695,617.5416666666666
830,2022-04-20,560.0,662.92,509.2102868443973,0.983653835112292,592.9583333333333
831,2022-04-27,555.0,635.92,522.9472007910781,0.9586914203701555,565.9166666666666
832,2022-05-07,1220.0,631.7533333333333,732.0630405537547,1.0703417005379559,560.5
833,2022-05-07,132.0,653.7533333333333,552.0441283876282,1.0867072909336586,555.0416666666666
834,2022-03-29,1085.0,627.4866666666666,711.9308898713399,0.9755464733161998,561.5
835,2022-04-06,345.0,631.9866666666666,601.8516229099379,0.9440422740236796,567.75
836,2022-05-04,660.0,611.9866666666666,619.2961360369566,0.928662609748724,569.0
837,2022-05-08,421.0,616.9866666666666,559.8072952258696,0.9350856688905432,562.125
838,2022-05-16,500.0,587.3533333333332,541.8651066581086,1.0984150362088982,515.4583333333333
839,2022-05-14,500.0,582.3533333333332,529.305574660676,0.9932631089370577,522.25
840,2022-06-01,310.0,587.2533333333333,463.5139022624732,0.9956924756061662,555.7083333333333
841,2022-05-28,560.0,586.42,492.45973158373124,1.0298981063146695,587.1666666666665
842,2022-05-10,520.0,599.7866666666666,500.7218121086119,0.983653835112292,640.5
843,2022-05-25,430.0,597.2866666666666,479.50526847602833,0.9586914203701555,645.25
844,2022-05-31,225.0,597.62,403.1536879332198,1.0703417005379559,635.0833333333333
845,2022-05-20,1290.0,583.2866666666666,669.2075815532539,1.0867072909336586,621.8333333333333
846,2022-04-06,730.0,608.62,687.4453070872777,0.9755464733161998,652.6666666666666
847,2022-05-18,1455.0,608.9533333333333,917.7117149610945,0.9440422740236796,698.1666666666666
848,2022-05-28,830.0,627.12,891.3982004727661,0.928662609748724,710.2916666666666
849,2022-06-05,365.0,625.7866666666666,733.4787403309363,0.9350856688905432,706.9166666666666
850,2022-05-22,312.0,608.62,607.0351182316554,1.0984150362088982,718.7916666666666
851,2022-05-31,370.0,601.8666666666667,535.9245827621587,0.9932631089370577,720.6666666666667
852,2022-05-06,1180.0,593.8666666666667,729.1472079335111,0.9956924756061662,679.4166666666667
853,2022-06-05,782.0,611.5333333333333,745.0030455534578,1.0298981063146695,603.5833333333333
854,2022-06-04,589.0,630.6,698.2021318874205,0.983653835112292,546.0833333333333
855,2022-06-04,280.0,604.0666666666667,572.7414923211943,0.9586914203701555,567.75
856,2022-05-27,660.0,601.9,598.919044624836,1.0703417005379559,630.375
857,2022-06-13,900.0,600.3666666666667,689.2433312373853,1.0867072909336586,682.7916666666666
858,2022-06-11,130.0,616.2,521.4703318661697,0.9755464733161998,684.25
859,2022-06-13,235.0,612.8666666666667,435.5292323063187,0.9440422740236796,638.75
860,2022-06-20,670.0,604.3666666666667,505.87046261442316,0.928662609748724,636.8333333333333
861,2022-06-10,1045.0,608.0333333333333,667.6093238300963,0.9350856688905432,679.375
862,2022-06-29,1135.0,624.3666666666667,807.8265266810674,1.0984150362088982,694.5833333333333
863,2022-06-15,805.0,621.5333333333333,806.9785686767472,0.9932631089370577,684.375
864,2022-05-30,780.0,643.9666666666667,798.884998073723,0.9956924756061662,715.4166666666666
865,2022-07-06,90.0,633.8,586.219498651606,1.0298981063146695,781.4583333333333
866,2022-06-07,1235.0,625.3,780.8536490561243,0.983653835112292,793.0
867,2022-07-01,655.0,644.4666666666667,743.0975543392871,0.9586914203701555,747.4583333333333
868,2022-07-07,650.0,652.2666666666667,715.1682880375009,1.0703417005379559,691.1666666666666
869,2022-07-04,665.0,657.2666666666667,700.1178016262506,1.0867072909336586,638.3333333333333
870,2022-07-12,1110.0,662.7666666666667,823.0824611383755,0.9755464733161998,608.875
871,2022-06-22,840.0,689.4333333333333,828.1577227968628,0.9440422740236796,639.0833333333333
872,2022-07-15,342.0,698.7666666666667,682.3104059578039,0.928662609748724,634.2916666666666
873,2022-06-28,280.0,692.8333333333334,561.6172841704628,0.9350856688905432,580.1666666666666
874,2022-07-18,549.0,687.8333333333334,557.8320989193239,1.0984150362088982,564.7916666666667
875,2022-07-24,123.0,698.6333333333333,427.3824692435267,0.9932631089370577,554.5833333333333
876,2022-06-22,755.0,659.7333333333333,525.6677284704687,0.9956924756061662,510.8333333333333
877,2022-07-16,840.0,660.5666666666667,619.9674099293281,1.0298981063146695,462.91666666666663
878,2022-07-22,370.0,640.0666666666667,544.9771869505297,0.983653835112292,440.75
879,2022-07-02,221.0,624.7333333333333,447.78403086537077,0.9586914203701555,432.75
880,2022-07-03,715.0,619.9333333333333,527.9488216057596,1.0703417005379559,425.91666666666663
881,2022-07-09,355.0,633.3666666666667,476.0641751240317,1.0867072909336586,431.04166666666663
882,2022-07-23,370.0,632.8666666666667,444.24492258682216,0.9755464733161998,417.79166666666663
883,2022-07-16,430.0,605.8666666666667,439.9714458107755,0.9440422740236796,381.3333333333333
884,2022-07-13,220.0,594.1333333333333,373.9800120675428,0.928662609748724,362.49791666666664
885,2022-07-11,210.0,581.8333333333334,324.7860084472799,0.9350856688905432,362.16249999999997
886,2022-06-24,455.0,579.5,363.8502059130959,1.0984150362088982,365.87083333333334
887,2022-06-18,340.0,572.6666666666666,356.6951441391671,0.9932631089370577,369.20416666666665
888,2022-07-28,220.0,554.0,315.686600897417,0.9956924756061662,409.6208333333333
889,2022-08-11,500.0,557.0,370.9806206281919,1.0298981063146695,432.32916666666665
890,2022-08-12,257.95,565.8333333333334,337.07143443973433,0.983653835112292,413.57916666666665
891,2022-07-30,325.0,552.0983333333334,333.45000410781404,0.9586914203701555,409.82916666666665
892,2022-07-16,700.0,528.0983333333334,443.4150028754699,1.0703417005379559,429.20416666666665
893,2022-07-05,450.0,513.5983333333334,445.39050201282896,1.0867072909336586,448.16249999999997
894,2022-05-18,1245.0,501.76500000000004,685.2733514089804,0.9755464733161998,469.82916666666665
895,2022-07-06,100.0,517.265,509.69134598628625,0.9440422740236796,490.78749999999997
896,2022-06-25,100.0,517.5983333333334,386.7839421904003,0.928662609748724,520.58125
897,2022-08-18,240.0,479.76500000000004,342.74875953328024,0.9350856688905432,553.7916666666667
898,2022-08-10,890.0,465.9316666666667,506.9241316732962,1.0984150362088982,570.25
899,2022-08-25,360.0,473.9316666666667,462.84689217130733,0.9932631089370577,580.6666666666666
900,2022-08-17,720.0,463.76500000000004,539.9928245199151,0.9956924756061662,546.1666666666666
901,2022-08-08,503.0,450.76500000000004,528.8949771639406,1.0298981063146695,532.5833333333333
902,2022-08-04,970.0,439.5316666666667,661.2264840147584,0.983653835112292,571.4166666666666
903,2022-08-21,410.0,460.46500000000003,585.8585388103309,0.9586914203701555,601.0
904,2022-08-29,1010.0,464.79833333333335,713.1009771672316,1.0703417005379559,580.1666666666666
905,2022-08-31,390.0,480.165,616.1706840170621,1.0867072909336586,542.25
906,2022-06-12,477.0,489.065,574.4194788119435,0.9755464733161998,542.0416666666666
907,2022-06-22,542.0,479.79833333333335,564.6936351683604,0.9440422740236796,551.2916666666666
908,2022-07-02,590.0,469.865,572.2855446178523,0.928662609748724,545.9583333333333
909,2022-07-15,460.0,477.1983333333334,538.5998812324966,0.9350856688905432,534.5416666666666
910,2022-08-07,170.0,485.165,428.0199168627476,1.0984150362088982,511.25
911,2022-09-06,170.0,466.99833333333333,350.6139418039233,0.9932631089370577,498.125
912,2022-04-10,905.0,460.8316666666667,516.9297592627463,0.9956924756061662,513.875
913,2022-09-05,540.0,478.665,523.8508314839224,1.0298981063146695,554.5416666666666
914,2022-07-27,805.0,482.3316666666667,608.1955820387458,0.983653835112292,593.0
915,2022-09-04,301.0,501.8316666666667,516.036907427122,0.9586914203701555,615.5
916,2022-09-09,560.0,504.865,529.2258351989854,1.0703417005379559,645.9166666666666
917,2022-05-16,525.0,508.365,527.9580846392897,1.0867072909336586,678.0
918,2022-09-15,720.0,514.5316666666666,585.5706592475028,0.9755464733161998,672.5416666666666
919,2022-09-12,1275.0,531.1983333333334,792.399461473252,0.9440422740236796,649.1666666666666
920,2022-09-17,780.0,557.0316666666666,788.6796230312764,0.928662609748724,630.0416666666667
921,2022-09-18,810.0,574.4333333333333,795.0757361218934,0.9350856688905432,
922,2022-09-24,550.0,590.6,721.5530152853254,1.0984150362088982,
923,2022-04-30,560.0,585.6,673.0871106997276,0.9932631089370577,
924,2022-07-24,384.0,589.2666666666667,586.3609774898093,0.9956924756061662,
925,2022-09-19,500.0,560.5666666666667,560.4526842428666,1.0298981063146695,
926,2022-09-27,386.0,573.9,508.11687897000655,0.983653835112292,
